{"loss": [0.9048374180359595, 0.6421989432412342, 0.4557940183280172, 0.3234950622856487, 0.22959725471404477, 0.16295426273207927, 0.11565509254728551, 0.0820849986238988], "val_loss": [0.9500792889377575, 0.6743088904032959, 0.47858371924441806, 0.3396698153999312, 0.24107711744974702, 0.17110197586868325, 0.1214378471746498, 0.08618924855509374], "mae": [0.9048374180359595, 0.6421989432412342, 0.4557940183280172, 0.3234950622856487, 0.22959725471404477, 0.16295426273207927, 0.11565509254728551, 0.0820849986238988], "val_mae": [0.9500792889377575, 0.6743088904032959, 0.47858371924441806, 0.3396698153999312, 0.24107711744974702, 0.17110197586868325, 0.1214378471746498, 0.08618924855509374]}